case_id,amount_owed,days_overdue,customer_type,payment_history,contact_attempts,region,recovery_likelihood
C0001,15895,110,SMB,Fair,4,East,Low
C0002,960,15,Individual,Good,2,West,High
C0003,38258,189,Enterprise,Fair,4,South,Low
C0004,44832,291,Individual,Fair,7,East,Low
C0005,11384,329,SMB,Fair,1,West,Low
C0006,6365,235,SMB,Good,5,East,Low
C0007,16950,324,Enterprise,Good,8,East,Low
C0008,37294,238,Enterprise,Fair,7,East,Low
C0009,22062,298,SMB,Good,7,North,Low
C0010,47291,159,SMB,Poor,7,West,Low
C0011,44231,286,Individual,Good,6,North,Low
C0012,16123,207,SMB,Good,7,West,Low
C0013,41190,79,SMB,Excellent,5,South,Medium
C0014,1785,121,SMB,Fair,1,South,Low
C0015,869,13,Individual,Fair,1,South,High
C0016,2533,359,Enterprise,Good,7,West,Low
C0017,5411,340,Enterprise,Excellent,0,East,Medium
C0018,37919,327,Enterprise,Fair,5,East,Low
C0019,39288,359,Individual,Good,5,North,Low
C0020,17668,104,SMB,Fair,3,North,Low
C0021,19869,161,SMB,Fair,9,South,Low
C0022,28793,320,Individual,Good,2,North,Low
C0023,6496,146,Individual,Good,2,West,Low
C0024,27580,256,SMB,Poor,0,West,Low
C0025,41534,252,Individual,Fair,2,North,Low
C0026,25758,40,SMB,Fair,3,North,Medium
C0027,19042,49,Enterprise,Good,4,North,Medium
C0028,18531,238,SMB,Fair,2,North,Low
C0029,2847,45,Enterprise,Excellent,5,South,High
C0030,289,232,SMB,Fair,4,South,Low
C0031,19218,15,Individual,Poor,2,North,Medium
C0032,35873,331,Enterprise,Good,5,West,Low
C0033,1999,229,Enterprise,Excellent,5,South,Medium
C0034,1367,84,SMB,Excellent,7,West,Medium
C0035,31651,13,Individual,Good,1,East,Medium
C0036,11494,344,SMB,Good,0,West,Low
C0037,3656,143,SMB,Excellent,3,North,Medium
C0038,3990,127,Enterprise,Fair,6,East,Low
C0039,41706,103,Enterprise,Fair,9,South,Low
C0040,30840,71,Individual,Good,2,South,Low
C0041,14602,203,Individual,Poor,2,East,Low
C0042,21877,344,Enterprise,Good,4,West,Low
C0043,10727,212,Individual,Poor,4,South,Low
C0044,8892,35,SMB,Good,9,North,Medium
C0045,43423,182,Individual,Poor,2,East,Low
C0046,43121,309,SMB,Fair,8,North,Low
C0047,8533,142,SMB,Poor,3,East,Low
C0048,43101,335,SMB,Poor,2,South,Low
C0049,11116,127,SMB,Good,1,West,Low
C0050,23997,333,Enterprise,Poor,9,East,Low
C0051,2712,284,Enterprise,Good,8,East,Low
C0052,23583,221,SMB,Good,3,North,Low
C0053,48655,234,Individual,Good,2,South,Low
C0054,17259,29,SMB,Fair,6,North,Medium
C0055,45074,122,SMB,Good,7,South,Low
C0056,41094,149,Individual,Fair,1,North,Low
C0057,14641,56,Enterprise,Fair,6,East,Medium
C0058,36020,10,SMB,Fair,4,North,Medium
C0059,26631,99,SMB,Poor,4,West,Low
C0060,1685,151,Individual,Fair,2,South,Low
C0061,4043,329,Enterprise,Good,4,South,Low
C0062,24039,47,SMB,Good,1,East,Medium
C0063,19557,302,Individual,Good,3,South,Low
C0064,1121,148,Individual,Excellent,5,West,Medium
C0065,11753,342,SMB,Good,0,North,Low
C0066,43673,268,SMB,Good,9,East,Low
C0067,13517,170,SMB,Poor,3,West,Low
C0068,40857,187,Individual,Fair,5,South,Low
C0069,9792,19,SMB,Good,8,South,Medium
C0070,45858,270,Enterprise,Fair,1,West,Low
C0071,6973,147,Individual,Good,6,North,Low
C0072,5775,181,SMB,Fair,5,North,Low
C0073,261,22,SMB,Fair,1,East,High
C0074,37165,177,SMB,Fair,7,South,Low
C0075,26657,139,SMB,Fair,6,West,Low
C0076,33863,93,SMB,Poor,4,North,Low
C0077,32706,330,SMB,Poor,4,East,Low
C0078,11634,328,Enterprise,Fair,6,South,Low
C0079,29227,110,SMB,Fair,8,South,Low
C0080,40497,338,Individual,Fair,8,East,Low
C0081,25951,282,Enterprise,Good,8,East,Low
C0082,1116,274,Individual,Good,5,North,Low
C0083,24353,47,SMB,Excellent,9,West,Medium
C0084,24376,103,Individual,Fair,5,South,Low
C0085,23347,104,Individual,Fair,2,West,Low
C0086,24400,314,SMB,Good,0,South,Low
C0087,8629,78,Individual,Poor,6,South,Low
C0088,17362,327,Individual,Poor,3,West,Low
C0089,9368,245,SMB,Fair,0,East,Low
C0090,21371,343,SMB,Fair,7,North,Low
C0091,12285,146,SMB,Poor,5,South,Low
C0092,21343,85,Individual,Good,5,East,Low
C0093,39199,44,Individual,Fair,1,South,Medium
C0094,8671,10,Individual,Good,0,North,High
C0095,40076,305,SMB,Fair,1,South,Low
C0096,38144,329,Individual,Good,3,North,Low
C0097,49316,69,Enterprise,Poor,1,North,Low
C0098,49084,329,SMB,Poor,0,South,Low
C0099,40874,358,Enterprise,Good,6,South,Low
C0100,2668,337,SMB,Fair,7,North,Low
C0101,2127,276,SMB,Poor,5,East,Low
C0102,2795,238,SMB,Fair,3,West,Low
C0103,48290,279,SMB,Poor,5,North,Low
C0104,5358,325,SMB,Fair,2,South,Low
C0105,22102,295,SMB,Good,7,South,Low
C0106,39604,300,SMB,Good,9,East,Low
C0107,33259,222,SMB,Good,1,West,Low
C0108,14086,174,SMB,Fair,4,North,Low
C0109,12766,14,Enterprise,Good,0,North,High
C0110,38760,348,SMB,Fair,5,West,Low
C0111,3661,87,SMB,Fair,1,North,Medium
C0112,26954,71,SMB,Fair,3,West,Low
C0113,39052,141,SMB,Poor,5,South,Low
C0114,22762,98,SMB,Poor,9,West,Low
C0115,8492,246,Individual,Fair,7,North,Low
C0116,30635,51,SMB,Poor,7,West,Low
C0117,13167,98,SMB,Fair,5,East,Low
C0118,48133,305,Enterprise,Fair,3,South,Low
C0119,23699,337,SMB,Poor,7,South,Low
C0120,35322,304,SMB,Good,7,West,Low
C0121,11937,113,SMB,Good,9,North,Low
C0122,14139,23,SMB,Poor,0,East,Medium
C0123,30918,297,SMB,Fair,3,South,Low
C0124,19215,188,SMB,Poor,3,South,Low
C0125,11065,134,Individual,Poor,6,North,Low
C0126,24638,362,Individual,Excellent,6,North,Low
C0127,42630,32,Individual,Poor,7,East,Low
C0128,5156,72,Individual,Fair,4,West,Low
C0129,32582,152,Enterprise,Fair,6,North,Low
C0130,47816,162,Enterprise,Fair,7,West,Low
C0131,8210,154,Enterprise,Poor,8,East,Low
C0132,13873,234,SMB,Excellent,2,West,Medium
C0133,27366,318,Individual,Fair,2,South,Low
C0134,17512,113,SMB,Fair,3,West,Low
C0135,33370,113,Individual,Fair,4,East,Low
C0136,7010,48,Enterprise,Fair,9,East,Medium
C0137,45553,207,Individual,Good,0,East,Low
C0138,25546,143,SMB,Good,6,West,Low
C0139,306,76,Enterprise,Good,8,South,Medium
C0140,21618,188,SMB,Poor,7,North,Low
C0141,22461,51,SMB,Good,4,South,Medium
C0142,23519,24,SMB,Good,3,West,Medium
C0143,48802,120,SMB,Poor,6,West,Low
C0144,41623,166,Individual,Excellent,4,North,Low
C0145,45251,298,SMB,Poor,6,West,Low
C0146,22503,240,SMB,Fair,0,East,Low
C0147,18241,166,SMB,Poor,0,East,Low
C0148,14920,47,Individual,Good,9,East,Medium
C0149,40442,106,SMB,Excellent,2,East,Medium
C0150,6474,298,SMB,Fair,1,East,Low
C0151,1778,263,Enterprise,Poor,1,West,Low
C0152,33927,205,Enterprise,Fair,6,North,Low
C0153,16298,95,SMB,Good,9,North,Low
C0154,10014,331,Enterprise,Fair,1,East,Low
C0155,27990,19,SMB,Fair,3,West,Medium
C0156,22399,14,Individual,Fair,1,South,Medium
C0157,43685,132,Enterprise,Fair,5,South,Low
C0158,43789,339,SMB,Poor,7,West,Low
C0159,42657,362,SMB,Fair,9,East,Low
C0160,49180,127,Individual,Excellent,3,North,Low
C0161,44120,303,SMB,Fair,4,West,Low
C0162,2793,168,Individual,Excellent,3,South,Medium
C0163,29567,312,SMB,Fair,2,South,Low
C0164,29823,237,Enterprise,Fair,4,South,Low
C0165,46799,225,SMB,Excellent,8,East,Low
C0166,3727,193,Individual,Good,7,South,Low
C0167,26039,24,SMB,Good,7,West,Medium
C0168,49025,166,Individual,Poor,7,West,Low
C0169,43041,145,Individual,Poor,7,South,Low
C0170,21934,270,SMB,Excellent,6,West,Low
C0171,18147,166,SMB,Poor,7,South,Low
C0172,26205,56,SMB,Fair,7,South,Low
C0173,10330,333,SMB,Good,7,North,Low
C0174,15807,341,Individual,Excellent,9,East,Low
C0175,22076,182,Individual,Fair,6,East,Low
C0176,44362,139,SMB,Fair,0,North,Low
C0177,23876,104,SMB,Fair,3,North,Low
C0178,30180,124,Individual,Excellent,3,East,Low
C0179,1406,252,SMB,Excellent,4,South,Medium
C0180,6876,301,Individual,Fair,9,South,Low
C0181,27351,291,SMB,Good,5,East,Low
C0182,9574,308,SMB,Good,3,South,Low
C0183,40394,292,Enterprise,Good,1,North,Low
C0184,22059,78,SMB,Poor,5,South,Low
C0185,5630,157,SMB,Poor,7,South,Low
C0186,29420,20,SMB,Fair,7,West,Medium
C0187,3848,263,Enterprise,Poor,6,West,Low
C0188,32068,339,Individual,Good,5,West,Low
C0189,32662,47,Individual,Fair,1,South,Medium
C0190,13645,143,SMB,Good,6,East,Low
C0191,763,209,Enterprise,Fair,4,North,Low
C0192,34866,32,Enterprise,Poor,5,South,Low
C0193,8094,312,SMB,Fair,9,East,Low
C0194,28121,355,SMB,Good,7,South,Low
C0195,30403,311,SMB,Fair,7,North,Low
C0196,3404,227,SMB,Good,2,South,Low
C0197,46676,150,SMB,Poor,6,North,Low
C0198,39453,113,SMB,Fair,0,South,Low
C0199,17775,219,SMB,Fair,0,North,Low
C0200,44517,120,Individual,Fair,6,South,Low
C0201,24038,113,Enterprise,Fair,9,North,Low
C0202,23764,325,SMB,Excellent,8,West,Low
C0203,1736,180,SMB,Fair,6,South,Low
C0204,20180,333,SMB,Good,9,South,Low
C0205,27828,142,Individual,Fair,4,East,Low
C0206,49950,302,SMB,Poor,7,East,Low
C0207,26836,337,Individual,Poor,1,North,Low
C0208,28773,136,Enterprise,Fair,8,South,Low
C0209,37605,115,Enterprise,Fair,5,North,Low
C0210,47423,101,Individual,Good,8,West,Low
C0211,46745,296,SMB,Fair,1,East,Low
C0212,954,60,SMB,Good,2,North,Medium
C0213,24648,38,Enterprise,Fair,7,North,Low
C0214,38723,305,Enterprise,Good,0,East,Low
C0215,7492,306,Individual,Good,9,South,Low
C0216,46817,223,Enterprise,Fair,6,North,Low
C0217,21656,276,SMB,Excellent,6,East,Low
C0218,38659,266,SMB,Fair,0,South,Low
C0219,26409,311,SMB,Good,8,West,Low
C0220,22019,110,Enterprise,Excellent,7,East,Medium
C0221,5031,355,SMB,Fair,3,North,Low
C0222,33070,119,Enterprise,Excellent,9,West,Medium
C0223,44315,191,Individual,Good,4,South,Low
C0224,12788,322,SMB,Fair,1,South,Low
C0225,25442,10,SMB,Excellent,8,East,High
C0226,37257,328,Individual,Poor,5,East,Low
C0227,2427,64,SMB,Excellent,2,East,High
C0228,40872,158,SMB,Good,6,South,Low
C0229,40645,318,SMB,Fair,8,West,Low
C0230,297,146,SMB,Good,2,South,Medium
C0231,23609,211,SMB,Good,1,North,Low
C0232,34798,322,Individual,Good,6,South,Low
C0233,44642,126,SMB,Good,6,North,Low
C0234,15187,163,SMB,Poor,3,West,Low
C0235,22771,300,Individual,Good,8,East,Low
C0236,25284,72,SMB,Fair,7,East,Low
C0237,27948,253,Enterprise,Poor,0,South,Low
C0238,42207,34,SMB,Fair,0,East,Medium
C0239,20766,99,Individual,Poor,4,West,Low
C0240,44457,84,Enterprise,Good,5,East,Low
C0241,15808,303,SMB,Poor,2,South,Low
C0242,26470,219,SMB,Excellent,8,West,Low
C0243,49911,356,SMB,Fair,9,North,Low
C0244,2911,26,Enterprise,Fair,5,South,High
C0245,47111,137,SMB,Good,3,North,Low
C0246,6646,260,Individual,Fair,6,West,Low
C0247,34854,188,SMB,Fair,7,South,Low
C0248,30306,191,SMB,Excellent,8,South,Low
C0249,41206,161,Individual,Good,5,West,Low
C0250,11511,34,Individual,Fair,5,East,Medium
C0251,3011,189,SMB,Fair,7,South,Low
C0252,1834,207,SMB,Poor,4,South,Low
C0253,18327,353,Enterprise,Fair,2,North,Low
C0254,8780,170,Individual,Poor,2,East,Low
C0255,19460,186,Individual,Fair,5,North,Low
C0256,18443,294,SMB,Good,1,North,Low
C0257,5859,72,Individual,Good,5,East,Medium
C0258,23178,159,SMB,Fair,5,East,Low
C0259,35253,163,SMB,Fair,7,West,Low
C0260,11211,165,Enterprise,Excellent,6,East,Low
C0261,37604,58,Individual,Good,7,South,Medium
C0262,1902,346,Enterprise,Poor,8,East,Low
C0263,8255,93,Individual,Fair,5,West,Low
C0264,8220,186,Individual,Fair,2,West,Low
C0265,39484,157,Individual,Fair,9,West,Low
C0266,47125,127,Enterprise,Good,2,East,Low
C0267,47354,351,SMB,Good,0,East,Low
C0268,22018,72,SMB,Good,4,North,Low
C0269,20545,198,SMB,Excellent,3,North,Low
C0270,30406,58,Enterprise,Fair,8,South,Low
C0271,16746,336,Individual,Fair,8,North,Low
C0272,46943,266,SMB,Poor,4,South,Low
C0273,31165,233,SMB,Poor,9,West,Low
C0274,25299,150,SMB,Good,3,North,Low
C0275,42076,224,SMB,Fair,6,East,Low
C0276,16471,220,SMB,Fair,5,North,Low
C0277,11935,327,SMB,Poor,3,South,Low
C0278,46036,41,Individual,Good,9,North,Medium
C0279,2149,167,SMB,Fair,1,West,Low
C0280,31716,294,Individual,Fair,0,East,Low
C0281,38291,314,Individual,Good,3,South,Low
C0282,47457,295,SMB,Good,3,East,Low
C0283,21032,153,Individual,Fair,0,East,Low
C0284,29955,28,Enterprise,Fair,5,South,Medium
C0285,7258,27,Individual,Good,3,East,High
C0286,43116,266,SMB,Fair,0,East,Low
C0287,7500,87,Individual,Good,0,North,Medium
C0288,42742,184,Individual,Fair,0,East,Low
C0289,15251,203,Individual,Good,7,East,Low
C0290,1254,122,Individual,Poor,9,East,Low
C0291,4599,123,SMB,Good,7,East,Low
C0292,6395,231,Enterprise,Good,1,South,Low
C0293,12283,175,SMB,Excellent,6,West,Low
C0294,29399,328,Enterprise,Good,7,North,Low
C0295,12974,141,SMB,Fair,7,East,Low
C0296,32811,273,SMB,Good,9,East,Low
C0297,5639,64,Individual,Poor,6,South,Low
C0298,42505,140,SMB,Excellent,4,West,Low
C0299,48454,297,Individual,Good,0,East,Low
C0300,2657,275,Enterprise,Good,8,South,Low
C0301,38460,171,Individual,Excellent,6,North,Low
C0302,16582,96,Individual,Good,1,North,Medium
C0303,2300,64,SMB,Fair,5,East,Medium
C0304,47040,297,SMB,Fair,1,East,Low
C0305,3061,187,Individual,Fair,0,West,Low
C0306,47075,358,Enterprise,Fair,6,West,Low
C0307,21457,17,SMB,Fair,1,East,Medium
C0308,12069,330,SMB,Excellent,1,South,Medium
C0309,2969,322,Enterprise,Fair,4,West,Low
C0310,46860,256,SMB,Poor,4,East,Low
C0311,28743,332,Enterprise,Fair,6,West,Low
C0312,24836,264,Enterprise,Fair,0,East,Low
C0313,38567,337,Enterprise,Good,7,North,Low
C0314,23428,63,Individual,Fair,2,East,Low
C0315,25976,258,SMB,Fair,3,North,Low
C0316,21395,248,Individual,Fair,8,West,Low
C0317,4087,238,SMB,Poor,3,East,Low
C0318,22499,76,SMB,Good,9,West,Low
C0319,46314,60,SMB,Excellent,4,North,Medium
C0320,34086,106,SMB,Fair,6,East,Low
C0321,20980,101,Enterprise,Poor,3,West,Low
C0322,4835,273,SMB,Good,0,North,Low
C0323,44164,300,SMB,Good,8,West,Low
C0324,4655,105,SMB,Excellent,3,South,High
C0325,42014,97,SMB,Good,8,North,Low
C0326,40918,87,Enterprise,Fair,5,North,Low
C0327,45625,297,Enterprise,Fair,0,North,Low
C0328,19930,129,Individual,Good,2,East,Low
C0329,17529,311,SMB,Good,1,East,Low
C0330,6993,174,Enterprise,Excellent,8,East,Low
C0331,14473,191,Individual,Good,0,South,Low
C0332,47433,232,Enterprise,Fair,8,South,Low
C0333,3536,320,SMB,Poor,8,North,Low
C0334,8854,16,Individual,Poor,7,South,Low
C0335,10777,339,SMB,Excellent,7,West,Low
C0336,5995,272,Enterprise,Poor,0,North,Low
C0337,19838,170,Enterprise,Fair,7,North,Low
C0338,30846,160,SMB,Fair,9,West,Low
C0339,49477,94,Enterprise,Fair,2,North,Low
C0340,48504,156,SMB,Good,6,South,Low
C0341,32452,121,Enterprise,Good,0,East,Low
C0342,39890,45,SMB,Excellent,0,West,High
C0343,42019,294,Individual,Good,9,South,Low
C0344,5700,197,Individual,Good,4,West,Low
C0345,29224,91,SMB,Fair,4,West,Low
C0346,27743,11,SMB,Fair,7,North,Medium
C0347,40864,312,SMB,Fair,6,North,Low
C0348,9107,206,SMB,Excellent,7,South,Low
C0349,45814,20,SMB,Poor,5,West,Low
C0350,37510,243,Enterprise,Poor,5,North,Low
C0351,44180,204,Individual,Fair,1,North,Low
C0352,40547,128,SMB,Poor,5,West,Low
C0353,8308,29,Enterprise,Fair,4,South,Medium
C0354,18689,270,SMB,Poor,2,South,Low
C0355,43584,302,SMB,Excellent,5,West,Low
C0356,17553,265,Individual,Good,7,South,Low
C0357,36312,231,Individual,Good,8,North,Low
C0358,43625,235,Individual,Good,0,West,Low
C0359,47302,62,Enterprise,Good,2,North,Low
C0360,32735,364,SMB,Fair,2,East,Low
C0361,33928,351,SMB,Fair,7,East,Low
C0362,18811,289,Enterprise,Fair,0,South,Low
C0363,3520,90,SMB,Good,4,East,Medium
C0364,31316,211,Individual,Poor,2,North,Low
C0365,401,167,Enterprise,Fair,1,East,Low
C0366,45336,129,SMB,Good,7,North,Low
C0367,49858,68,SMB,Fair,2,South,Low
C0368,799,224,Enterprise,Good,6,South,Low
C0369,290,137,SMB,Good,0,North,Medium
C0370,10592,233,Individual,Poor,5,East,Low
C0371,35843,218,Individual,Good,2,South,Low
C0372,6202,124,Individual,Fair,7,West,Low
C0373,19878,218,SMB,Poor,5,South,Low
C0374,26741,23,Enterprise,Fair,1,East,Medium
C0375,34684,18,SMB,Excellent,5,West,High
C0376,32845,49,SMB,Good,6,East,Medium
C0377,23193,246,Individual,Excellent,4,North,Low
C0378,669,290,Enterprise,Fair,2,West,Low
C0379,38310,210,SMB,Fair,3,East,Low
C0380,34763,255,Enterprise,Good,3,West,Low
C0381,36731,287,SMB,Poor,5,East,Low
C0382,45781,244,Individual,Fair,9,West,Low
C0383,7555,13,SMB,Good,0,East,High
C0384,4114,163,SMB,Fair,3,North,Low
C0385,11193,38,SMB,Fair,9,West,Medium
C0386,18170,118,SMB,Excellent,3,West,Medium
C0387,35877,107,Individual,Good,9,West,Low
C0388,16638,224,Individual,Poor,0,West,Low
C0389,10829,302,Individual,Fair,8,North,Low
C0390,34277,84,Individual,Fair,3,West,Low
C0391,45117,335,SMB,Fair,6,South,Low
C0392,884,155,SMB,Excellent,2,North,Medium
C0393,27851,137,SMB,Good,9,South,Low
C0394,40964,350,SMB,Fair,2,West,Low
C0395,40428,51,Individual,Good,7,East,Medium
C0396,12633,50,Enterprise,Excellent,7,South,High
C0397,40211,43,Individual,Poor,0,West,Low
C0398,40074,26,SMB,Poor,9,South,Low
C0399,5901,174,SMB,Fair,1,West,Low
C0400,19290,162,SMB,Poor,7,West,Low
C0401,49789,85,Individual,Good,0,West,Low
C0402,38854,96,SMB,Poor,7,East,Low
C0403,29692,126,SMB,Good,7,South,Low
C0404,10747,351,Enterprise,Poor,1,North,Low
C0405,8816,36,SMB,Poor,3,North,Low
C0406,23455,322,Enterprise,Fair,5,North,Low
C0407,22109,296,Individual,Poor,8,North,Low
C0408,24476,143,SMB,Fair,7,West,Low
C0409,45191,228,SMB,Good,7,South,Low
C0410,4880,177,Enterprise,Fair,6,South,Low
C0411,2468,107,Enterprise,Fair,8,East,Low
C0412,12139,277,Individual,Excellent,1,South,Medium
C0413,6755,246,Enterprise,Fair,2,South,Low
C0414,41041,318,Enterprise,Poor,9,South,Low
C0415,4595,182,Enterprise,Good,7,East,Low
C0416,10993,199,Individual,Fair,5,North,Low
C0417,25647,131,Individual,Poor,9,South,Low
C0418,22486,55,SMB,Poor,8,East,Low
C0419,13503,73,SMB,Poor,9,East,Low
C0420,32197,139,SMB,Fair,3,West,Low
C0421,13221,319,Individual,Poor,7,East,Low
C0422,11066,202,SMB,Fair,9,North,Low
C0423,33721,316,Enterprise,Good,2,South,Low
C0424,28412,190,Enterprise,Fair,2,East,Low
C0425,49826,301,Enterprise,Fair,7,North,Low
C0426,22777,291,SMB,Good,4,East,Low
C0427,31389,38,Individual,Fair,2,East,Medium
C0428,31124,158,SMB,Fair,9,East,Low
C0429,42775,276,Enterprise,Good,0,East,Low
C0430,4877,305,Enterprise,Fair,2,East,Low
C0431,29849,20,Individual,Fair,8,North,Medium
C0432,15438,173,SMB,Fair,4,South,Low
C0433,2591,122,Individual,Excellent,9,South,Medium
C0434,27336,196,SMB,Excellent,1,South,Low
C0435,48196,304,SMB,Good,6,South,Low
C0436,14699,241,SMB,Poor,1,North,Low
C0437,19608,236,Enterprise,Good,3,West,Low
C0438,3151,319,SMB,Fair,6,West,Low
C0439,48847,107,Individual,Good,3,North,Low
C0440,49256,64,SMB,Good,6,North,Low
C0441,21706,120,SMB,Poor,6,East,Low
C0442,21799,161,Enterprise,Fair,0,East,Low
C0443,976,255,Individual,Excellent,5,East,Medium
C0444,32193,78,Individual,Fair,8,South,Low
C0445,4242,321,SMB,Excellent,1,East,Medium
C0446,15302,298,Individual,Fair,2,West,Low
C0447,39834,259,SMB,Fair,9,South,Low
C0448,7179,45,SMB,Good,4,East,Medium
C0449,8087,248,Individual,Good,8,South,Low
C0450,39667,157,Individual,Good,3,West,Low
C0451,29040,236,SMB,Poor,0,East,Low
C0452,37333,253,Enterprise,Poor,3,West,Low
C0453,17119,346,SMB,Excellent,5,West,Medium
C0454,46285,210,Individual,Fair,4,West,Low
C0455,18177,163,SMB,Good,0,East,Low
C0456,26358,82,SMB,Good,3,North,Low
C0457,21236,210,SMB,Fair,5,East,Low
C0458,8411,305,SMB,Poor,9,West,Low
C0459,17314,26,SMB,Poor,9,East,Low
C0460,14198,138,Individual,Fair,3,West,Low
C0461,28351,226,SMB,Good,8,North,Low
C0462,38045,70,Enterprise,Fair,4,South,Low
C0463,47130,113,Enterprise,Good,7,North,Low
C0464,26045,51,Individual,Fair,8,North,Low
C0465,25416,34,SMB,Good,9,South,Medium
C0466,32317,48,SMB,Fair,4,East,Medium
C0467,8408,300,Individual,Good,5,South,Low
C0468,6049,140,Individual,Good,0,East,Low
C0469,1250,238,Individual,Poor,6,East,Low
C0470,24044,117,Individual,Good,3,West,Low
C0471,34799,181,SMB,Fair,1,West,Low
C0472,9304,111,Individual,Good,4,South,Medium
C0473,1181,363,SMB,Excellent,2,North,Medium
C0474,29405,21,Individual,Excellent,5,South,High
C0475,16996,284,Individual,Good,7,East,Low
C0476,46275,110,Individual,Poor,6,West,Low
C0477,7905,53,SMB,Good,2,South,Medium
C0478,5337,314,Enterprise,Poor,7,South,Low
C0479,49811,26,SMB,Fair,1,West,Medium
C0480,20156,339,Individual,Fair,9,West,Low
C0481,45643,66,Individual,Fair,8,West,Low
C0482,49112,320,Enterprise,Fair,3,East,Low
C0483,46052,312,Enterprise,Fair,0,West,Low
C0484,3443,21,Enterprise,Good,7,North,High
C0485,13600,327,Individual,Good,6,South,Low
C0486,29475,89,Individual,Poor,4,West,Low
C0487,9762,225,SMB,Poor,9,West,Low
C0488,17064,348,SMB,Poor,4,East,Low
C0489,47993,273,Individual,Fair,6,East,Low
C0490,8230,158,Individual,Fair,4,South,Low
C0491,19631,90,SMB,Fair,7,North,Low
C0492,1779,224,SMB,Fair,5,South,Low
C0493,3606,207,SMB,Good,4,West,Low
C0494,13384,209,SMB,Fair,8,North,Low
C0495,7353,34,SMB,Good,1,North,Medium
C0496,19228,98,SMB,Good,0,North,Medium
C0497,28032,277,Individual,Poor,7,North,Low
C0498,9535,152,SMB,Good,2,South,Low
C0499,44178,68,Individual,Excellent,6,East,Medium
C0500,13396,35,Enterprise,Excellent,9,East,High
C0501,30545,56,SMB,Poor,7,West,Low
C0502,13345,297,Enterprise,Fair,5,East,Low
C0503,29224,275,SMB,Fair,9,East,Low
C0504,29999,25,Individual,Poor,8,East,Low
C0505,44019,208,Individual,Poor,6,East,Low
C0506,43325,291,Enterprise,Good,9,West,Low
C0507,35347,95,SMB,Fair,4,South,Low
C0508,29322,259,Individual,Fair,7,North,Low
C0509,26311,279,SMB,Fair,1,East,Low
C0510,37320,344,SMB,Good,6,South,Low
C0511,26746,126,Individual,Poor,3,East,Low
C0512,38749,16,SMB,Fair,8,East,Medium
C0513,23149,146,Enterprise,Good,0,North,Low
C0514,14169,185,SMB,Fair,6,North,Low
C0515,32680,337,Individual,Excellent,5,North,Low
C0516,31943,324,SMB,Good,7,East,Low
C0517,2949,224,Enterprise,Fair,4,East,Low
C0518,40258,91,Individual,Excellent,0,East,Medium
C0519,23389,232,Enterprise,Fair,0,North,Low
C0520,44790,112,Individual,Fair,8,West,Low
C0521,35357,282,SMB,Excellent,9,South,Low
C0522,9923,23,Individual,Poor,5,West,Medium
C0523,42075,168,SMB,Good,9,East,Low
C0524,9640,161,SMB,Good,4,East,Low
C0525,16464,117,Enterprise,Good,0,West,Medium
C0526,4711,197,SMB,Good,5,East,Low
C0527,27763,310,Individual,Excellent,5,South,Low
C0528,38746,107,Individual,Fair,2,East,Low
C0529,31077,140,SMB,Poor,7,South,Low
C0530,29268,302,SMB,Good,0,West,Low
C0531,49215,180,Individual,Fair,0,West,Low
C0532,25571,192,Individual,Fair,5,East,Low
C0533,22787,48,SMB,Poor,9,South,Low
C0534,951,24,SMB,Fair,0,East,High
C0535,18171,13,SMB,Good,5,North,High
C0536,6933,358,SMB,Good,0,North,Low
C0537,12038,219,Enterprise,Fair,5,North,Low
C0538,35295,170,SMB,Poor,2,North,Low
C0539,26244,25,SMB,Good,7,East,Medium
C0540,4100,117,Individual,Good,5,North,Medium
C0541,5152,320,Enterprise,Poor,0,South,Low
C0542,35606,236,SMB,Poor,4,West,Low
C0543,28174,179,SMB,Poor,7,West,Low
C0544,38255,43,SMB,Fair,2,North,Medium
C0545,40870,260,Enterprise,Good,5,North,Low
C0546,32420,256,SMB,Fair,4,North,Low
C0547,38404,278,SMB,Fair,5,East,Low
C0548,46347,150,SMB,Excellent,9,West,Low
C0549,4013,283,SMB,Fair,0,North,Low
C0550,17550,105,SMB,Fair,6,South,Low
C0551,24207,236,Individual,Good,8,North,Low
C0552,20864,48,SMB,Fair,1,West,Medium
C0553,43504,311,Individual,Fair,9,North,Low
C0554,20591,38,SMB,Poor,4,West,Low
C0555,38594,327,Enterprise,Excellent,9,North,Low
C0556,3473,254,Enterprise,Good,3,South,Low
C0557,12261,245,SMB,Fair,5,North,Low
C0558,32096,194,Individual,Good,5,South,Low
C0559,27222,281,Individual,Fair,1,South,Low
C0560,34950,245,Individual,Fair,1,North,Low
C0561,27450,248,SMB,Good,3,South,Low
C0562,27572,275,SMB,Fair,0,East,Low
C0563,28861,349,Enterprise,Fair,8,North,Low
C0564,25451,74,SMB,Good,6,North,Low
C0565,23232,186,SMB,Poor,6,South,Low
C0566,49149,12,Enterprise,Poor,2,South,Low
C0567,15405,151,SMB,Fair,2,North,Low
C0568,9917,167,SMB,Fair,0,East,Low
C0569,11361,333,Individual,Fair,2,South,Low
C0570,517,155,Individual,Poor,2,South,Low
C0571,41676,302,Individual,Fair,3,West,Low
C0572,20458,162,SMB,Fair,3,East,Low
C0573,3367,202,SMB,Poor,2,East,Low
C0574,17309,82,SMB,Good,9,North,Low
C0575,24152,314,Individual,Poor,7,East,Low
C0576,38613,353,Enterprise,Good,7,North,Low
C0577,26192,149,SMB,Good,0,West,Low
C0578,11438,196,Individual,Good,6,East,Low
C0579,512,302,SMB,Poor,1,South,Low
C0580,7643,70,SMB,Poor,0,West,Low
C0581,40455,207,SMB,Fair,2,North,Low
C0582,33596,304,Enterprise,Fair,3,West,Low
C0583,23648,328,SMB,Fair,5,North,Low
C0584,27484,311,SMB,Poor,9,West,Low
C0585,44525,353,Enterprise,Fair,4,North,Low
C0586,38856,20,Enterprise,Good,3,East,Medium
C0587,18988,71,Individual,Good,7,South,Low
C0588,35835,342,SMB,Fair,3,North,Low
C0589,47395,235,SMB,Fair,9,West,Low
C0590,48916,162,SMB,Good,1,North,Low
C0591,17606,208,Individual,Excellent,2,North,Medium
C0592,20563,61,SMB,Poor,5,North,Low
C0593,18055,269,SMB,Excellent,7,West,Low
C0594,37941,68,Individual,Fair,7,South,Low
C0595,5204,81,Individual,Poor,8,East,Low
C0596,35011,157,Enterprise,Fair,6,South,Low
C0597,23290,358,Individual,Good,1,North,Low
C0598,7457,72,SMB,Fair,7,West,Low
C0599,32579,319,SMB,Poor,6,South,Low
C0600,44911,252,Enterprise,Fair,7,North,Low
C0601,36308,339,Enterprise,Poor,2,East,Low
C0602,20250,116,Individual,Excellent,6,East,Medium
C0603,5744,235,SMB,Fair,9,East,Low
C0604,43386,322,SMB,Fair,8,North,Low
C0605,47420,227,Individual,Poor,2,West,Low
C0606,3014,250,Individual,Good,9,South,Low
C0607,21452,268,Enterprise,Poor,5,East,Low
C0608,46452,271,SMB,Fair,1,North,Low
C0609,45012,14,Enterprise,Good,1,North,Medium
C0610,14497,270,Individual,Good,4,South,Low
C0611,41655,63,SMB,Poor,4,East,Low
C0612,47059,56,Individual,Good,6,North,Medium
C0613,828,224,Enterprise,Good,1,South,Medium
C0614,798,186,Enterprise,Good,6,West,Low
C0615,40054,18,SMB,Poor,4,West,Low
C0616,47380,108,SMB,Fair,5,West,Low
C0617,14023,29,SMB,Fair,7,East,Medium
C0618,16879,250,Individual,Good,9,South,Low
C0619,7500,70,SMB,Fair,3,South,Low
C0620,24566,187,SMB,Fair,6,North,Low
C0621,37039,347,Individual,Poor,5,North,Low
C0622,4460,71,SMB,Poor,9,North,Low
C0623,35370,154,Individual,Excellent,1,South,Low
C0624,17201,225,Enterprise,Fair,7,North,Low
C0625,32407,12,SMB,Excellent,9,South,High
C0626,5586,169,Enterprise,Fair,8,South,Low
C0627,8435,236,Enterprise,Good,4,West,Low
C0628,21464,278,Individual,Good,9,North,Low
C0629,37359,129,Enterprise,Good,3,West,Low
C0630,23676,98,SMB,Fair,5,East,Low
C0631,31767,338,SMB,Good,7,East,Low
C0632,11230,77,SMB,Fair,2,East,Low
C0633,22072,107,Individual,Fair,9,South,Low
C0634,40519,276,Enterprise,Excellent,0,South,Low
C0635,1267,114,SMB,Fair,3,South,Medium
C0636,27292,332,Individual,Good,3,North,Low
C0637,1162,132,SMB,Fair,0,West,Low
C0638,18640,38,Individual,Fair,8,South,Medium
C0639,24344,146,Enterprise,Good,2,West,Low
C0640,21645,204,SMB,Excellent,4,West,Low
C0641,21789,235,SMB,Good,5,West,Low
C0642,11274,341,Individual,Poor,7,North,Low
C0643,23025,179,Individual,Fair,5,North,Low
C0644,37597,18,SMB,Fair,2,East,Medium
C0645,9448,49,SMB,Fair,5,East,Medium
C0646,23814,34,Enterprise,Good,0,West,Medium
C0647,38202,270,SMB,Fair,3,East,Low
C0648,9024,235,SMB,Fair,5,West,Low
C0649,37198,133,Individual,Good,6,North,Low
C0650,24494,47,SMB,Good,9,North,Medium
C0651,6901,337,SMB,Good,2,North,Low
C0652,37714,260,Enterprise,Fair,8,South,Low
C0653,6831,185,Enterprise,Poor,6,West,Low
C0654,48236,99,SMB,Excellent,0,North,Medium
C0655,23725,46,SMB,Fair,1,West,Medium
C0656,17437,325,Individual,Good,0,East,Low
C0657,35407,185,SMB,Poor,8,East,Low
C0658,7156,293,SMB,Good,8,North,Low
C0659,11616,90,Enterprise,Fair,6,West,Low
C0660,44361,123,Individual,Fair,9,North,Low
C0661,1642,49,Individual,Fair,2,East,Medium
C0662,21777,310,Enterprise,Fair,4,North,Low
C0663,46832,233,Individual,Good,3,West,Low
C0664,39181,327,SMB,Good,6,East,Low
C0665,27669,358,Enterprise,Good,8,South,Low
C0666,23422,124,SMB,Good,1,East,Low
C0667,19165,195,SMB,Fair,7,South,Low
C0668,18024,332,Enterprise,Good,8,North,Low
C0669,22656,65,Individual,Good,9,North,Low
C0670,27062,49,Individual,Fair,9,West,Low
C0671,28395,363,SMB,Poor,8,South,Low
C0672,13907,49,SMB,Fair,9,North,Medium
C0673,42448,356,SMB,Excellent,6,South,Low
C0674,26532,246,SMB,Excellent,8,North,Low
C0675,17849,298,SMB,Poor,8,East,Low
C0676,41559,271,Enterprise,Good,2,North,Low
C0677,26356,225,SMB,Excellent,3,West,Low
C0678,40362,156,Individual,Fair,1,East,Low
C0679,37180,345,SMB,Fair,9,West,Low
C0680,1424,177,Enterprise,Fair,2,East,Low
C0681,25831,101,Individual,Good,4,South,Low
C0682,36009,362,SMB,Excellent,4,West,Low
C0683,23903,68,SMB,Poor,5,North,Low
C0684,19970,68,Enterprise,Good,6,South,Low
C0685,34678,313,SMB,Fair,6,North,Low
C0686,6688,178,Individual,Fair,0,East,Low
C0687,38169,278,SMB,Fair,1,East,Low
C0688,26890,54,SMB,Good,8,North,Medium
C0689,25389,354,Individual,Good,9,North,Low
C0690,28278,190,Individual,Fair,1,South,Low
C0691,28810,179,Individual,Poor,5,North,Low
C0692,15585,200,SMB,Poor,0,West,Low
C0693,44582,164,SMB,Good,2,West,Low
C0694,20752,197,Individual,Good,1,North,Low
C0695,4848,16,Individual,Poor,2,West,Medium
C0696,21333,142,Enterprise,Fair,4,North,Low
C0697,9535,244,Enterprise,Poor,9,South,Low
C0698,3809,54,SMB,Good,5,West,High
C0699,30455,323,Individual,Fair,8,West,Low
C0700,13216,258,SMB,Fair,9,North,Low
C0701,25570,40,SMB,Fair,3,West,Medium
C0702,42444,32,Enterprise,Fair,6,East,Low
C0703,43018,169,SMB,Excellent,5,South,Low
C0704,39398,167,Individual,Fair,1,South,Low
C0705,43056,48,SMB,Good,9,West,Medium
C0706,14783,91,Individual,Fair,7,West,Low
C0707,604,267,Individual,Poor,6,East,Low
C0708,34082,215,SMB,Good,6,East,Low
C0709,34399,86,SMB,Poor,7,West,Low
C0710,28116,21,SMB,Good,0,West,Medium
C0711,24060,304,Individual,Fair,0,East,Low
C0712,33691,233,SMB,Poor,7,North,Low
C0713,17412,22,SMB,Good,3,East,High
C0714,37897,55,Individual,Excellent,4,North,High
C0715,46296,164,SMB,Fair,7,South,Low
C0716,49385,122,Individual,Excellent,4,South,Low
C0717,2205,242,SMB,Fair,9,East,Low
C0718,36495,26,Enterprise,Poor,3,North,Low
C0719,45840,232,SMB,Fair,5,East,Low
C0720,22800,363,Individual,Good,4,East,Low
C0721,34720,197,SMB,Fair,6,North,Low
C0722,37778,353,Individual,Fair,9,East,Low
C0723,20659,172,Individual,Excellent,6,South,Low
C0724,27609,335,SMB,Fair,3,West,Low
C0725,27960,83,Individual,Fair,4,West,Low
C0726,11103,242,Enterprise,Fair,2,East,Low
C0727,21832,233,SMB,Good,3,North,Low
C0728,25926,328,Enterprise,Fair,3,North,Low
C0729,30454,69,Individual,Excellent,2,South,Medium
C0730,13943,344,SMB,Good,9,North,Low
C0731,44572,231,Enterprise,Poor,4,North,Low
C0732,48629,46,SMB,Fair,4,South,Medium
C0733,6290,287,SMB,Excellent,6,East,Low
C0734,17740,205,Enterprise,Good,3,West,Low
C0735,38513,361,Individual,Good,3,South,Low
C0736,42456,251,Individual,Good,8,East,Low
C0737,44697,333,SMB,Good,5,South,Low
C0738,40921,228,Individual,Excellent,3,East,Low
C0739,3430,201,SMB,Fair,1,South,Low
C0740,19187,26,Individual,Fair,5,East,Medium
C0741,41530,21,SMB,Fair,1,South,Medium
C0742,24604,202,SMB,Fair,4,East,Low
C0743,7214,31,Enterprise,Excellent,5,South,High
C0744,13423,129,Individual,Poor,3,West,Low
C0745,34221,219,SMB,Poor,2,West,Low
C0746,11075,315,Enterprise,Poor,6,North,Low
C0747,11123,279,Enterprise,Poor,1,East,Low
C0748,21547,201,SMB,Poor,5,South,Low
C0749,25033,184,SMB,Fair,3,East,Low
C0750,24059,294,Individual,Good,5,West,Low
C0751,767,213,Individual,Fair,3,East,Low
C0752,29803,173,Enterprise,Fair,3,South,Low
C0753,9437,260,Individual,Fair,3,East,Low
C0754,46527,236,Enterprise,Fair,8,South,Low
C0755,36587,16,Individual,Excellent,6,West,High
C0756,19229,38,Individual,Good,2,West,Medium
C0757,40351,42,SMB,Poor,2,West,Low
C0758,32021,143,Individual,Fair,5,North,Low
C0759,33407,88,SMB,Fair,5,West,Low
C0760,27455,67,SMB,Good,3,East,Low
C0761,37832,35,Individual,Good,8,North,Medium
C0762,4935,235,SMB,Poor,3,West,Low
C0763,20259,294,SMB,Fair,8,East,Low
C0764,38910,13,SMB,Fair,3,East,Medium
C0765,47705,108,Individual,Fair,1,East,Low
C0766,40180,48,SMB,Fair,1,South,Medium
C0767,38188,280,Enterprise,Good,4,North,Low
C0768,13316,294,Individual,Fair,3,East,Low
C0769,35647,166,Individual,Fair,6,South,Low
C0770,31571,84,Enterprise,Fair,4,West,Low
C0771,17408,297,SMB,Fair,5,East,Low
C0772,27632,139,Enterprise,Poor,9,South,Low
C0773,34449,184,SMB,Excellent,3,East,Low
C0774,45545,93,SMB,Poor,1,North,Low
C0775,5813,31,Individual,Good,9,North,Medium
C0776,49507,36,SMB,Fair,8,West,Low
C0777,4904,204,SMB,Excellent,9,East,Medium
C0778,10236,346,SMB,Good,6,South,Low
C0779,109,245,Individual,Fair,3,West,Low
C0780,19355,101,SMB,Excellent,2,East,Medium
C0781,23893,30,Individual,Fair,9,West,Low
C0782,29648,312,SMB,Poor,2,South,Low
C0783,37992,93,Enterprise,Good,8,West,Low
C0784,1115,271,SMB,Fair,4,West,Low
C0785,27812,156,SMB,Fair,2,West,Low
C0786,35061,266,SMB,Fair,4,East,Low
C0787,8515,67,Enterprise,Good,1,South,Medium
C0788,46418,24,Enterprise,Good,3,North,Medium
C0789,47380,171,Individual,Good,9,East,Low
C0790,23933,172,SMB,Excellent,1,North,Low
C0791,4258,329,Individual,Good,1,North,Low
C0792,20409,290,SMB,Fair,7,East,Low
C0793,7070,289,SMB,Poor,0,East,Low
C0794,7038,21,SMB,Poor,6,South,Low
C0795,21268,283,SMB,Fair,4,South,Low
C0796,46640,280,SMB,Good,7,West,Low
C0797,20484,217,SMB,Good,0,North,Low
C0798,18117,36,Enterprise,Good,6,South,Medium
C0799,10444,81,SMB,Good,4,West,Medium
C0800,40134,69,SMB,Fair,3,South,Low
C0801,8802,154,Individual,Fair,6,East,Low
C0802,484,102,Individual,Good,9,South,Medium
C0803,504,318,Individual,Good,1,North,Medium
C0804,41043,17,Individual,Poor,0,South,Low
C0805,48026,88,SMB,Fair,0,North,Low
C0806,29289,36,SMB,Good,0,East,Medium
C0807,12863,183,Individual,Poor,4,North,Low
C0808,18484,59,SMB,Poor,9,South,Low
C0809,32706,208,SMB,Good,6,West,Low
C0810,9960,358,Enterprise,Good,1,East,Low
C0811,38857,190,SMB,Fair,9,South,Low
C0812,15206,33,SMB,Poor,7,East,Low
C0813,23674,325,Individual,Poor,3,East,Low
C0814,23624,55,SMB,Good,2,South,Medium
C0815,3736,24,SMB,Good,9,South,High
C0816,11016,162,Individual,Fair,7,West,Low
C0817,4909,231,Enterprise,Fair,1,East,Low
C0818,32301,215,SMB,Good,2,East,Low
C0819,13556,282,Enterprise,Poor,2,South,Low
C0820,48312,245,Individual,Fair,9,North,Low
C0821,38865,349,Individual,Poor,0,South,Low
C0822,34916,237,SMB,Poor,5,East,Low
C0823,45206,18,Individual,Fair,1,South,Medium
C0824,17200,175,SMB,Fair,0,West,Low
C0825,22049,328,Individual,Fair,1,North,Low
C0826,4644,223,Individual,Good,5,South,Low
C0827,37844,126,Individual,Fair,3,West,Low
C0828,45643,353,Enterprise,Good,5,East,Low
C0829,42883,81,Individual,Fair,8,South,Low
C0830,26757,73,Individual,Good,9,East,Low
C0831,36287,214,SMB,Good,9,West,Low
C0832,47298,218,Individual,Good,7,East,Low
C0833,7339,81,SMB,Excellent,0,West,Medium
C0834,14589,286,Individual,Fair,7,West,Low
C0835,49501,283,Enterprise,Fair,8,West,Low
C0836,43225,329,Individual,Fair,5,South,Low
C0837,28638,347,SMB,Good,9,East,Low
C0838,32149,104,Enterprise,Excellent,4,East,Medium
C0839,37231,175,SMB,Excellent,5,North,Low
C0840,43044,41,Enterprise,Good,5,North,Medium
C0841,8527,20,SMB,Poor,8,North,Low
C0842,41448,310,SMB,Good,3,North,Low
C0843,24385,226,SMB,Good,1,East,Low
C0844,37726,298,SMB,Good,8,West,Low
C0845,42908,111,SMB,Good,1,West,Low
C0846,23028,276,Individual,Fair,9,South,Low
C0847,19298,223,Enterprise,Fair,8,West,Low
C0848,19858,188,Individual,Good,1,East,Low
C0849,15354,97,Individual,Excellent,7,East,Medium
C0850,44338,50,SMB,Good,8,East,Medium
C0851,1352,85,SMB,Good,9,South,Medium
C0852,39864,55,Individual,Good,8,North,Medium
C0853,12273,169,Enterprise,Poor,9,West,Low
C0854,37541,89,Enterprise,Fair,8,East,Low
C0855,26798,319,SMB,Fair,1,East,Low
C0856,15881,95,Individual,Fair,3,North,Low
C0857,13151,101,Enterprise,Fair,6,East,Low
C0858,39749,157,SMB,Fair,1,West,Low
C0859,7049,170,Individual,Fair,0,South,Low
C0860,42389,211,Individual,Fair,2,East,Low
C0861,8117,251,SMB,Good,3,West,Low
C0862,7041,362,Enterprise,Fair,7,East,Low
C0863,26034,11,Individual,Fair,5,North,Medium
C0864,23486,234,SMB,Poor,1,East,Low
C0865,10309,298,Enterprise,Fair,8,East,Low
C0866,17815,242,Enterprise,Fair,1,South,Low
C0867,29020,86,Individual,Good,4,North,Low
C0868,31803,125,SMB,Fair,3,North,Low
C0869,42418,163,Individual,Good,6,South,Low
C0870,4737,112,Individual,Good,7,East,Medium
C0871,4954,203,SMB,Good,4,West,Low
C0872,43188,175,SMB,Fair,9,North,Low
C0873,37760,99,SMB,Good,4,North,Low
C0874,39911,183,SMB,Good,1,East,Low
C0875,49389,131,SMB,Poor,7,East,Low
C0876,19956,152,Individual,Good,1,North,Low
C0877,21933,115,SMB,Fair,9,East,Low
C0878,20063,314,Individual,Fair,5,West,Low
C0879,37032,326,SMB,Excellent,7,North,Low
C0880,27269,132,SMB,Fair,5,West,Low
C0881,8041,18,SMB,Excellent,3,West,High
C0882,14488,271,SMB,Fair,3,East,Low
C0883,5669,82,Individual,Fair,5,West,Low
C0884,4400,232,SMB,Fair,3,East,Low
C0885,39137,50,SMB,Fair,7,South,Low
C0886,36686,213,Enterprise,Good,8,East,Low
C0887,12115,273,SMB,Excellent,0,West,Medium
C0888,45102,337,SMB,Fair,3,South,Low
C0889,6354,187,SMB,Fair,3,East,Low
C0890,17244,357,Individual,Poor,1,West,Low
C0891,24314,327,SMB,Poor,5,North,Low
C0892,40218,93,Individual,Poor,2,North,Low
C0893,15283,327,SMB,Fair,6,East,Low
C0894,6338,120,SMB,Good,4,East,Medium
C0895,6190,260,Enterprise,Fair,3,North,Low
C0896,11737,16,SMB,Fair,4,West,Medium
C0897,22515,93,SMB,Good,7,West,Low
C0898,24171,217,SMB,Poor,2,West,Low
C0899,45515,323,Enterprise,Poor,6,East,Low
C0900,42779,31,Enterprise,Fair,5,South,Medium
C0901,41340,12,SMB,Excellent,0,South,High
C0902,18371,136,Individual,Good,6,South,Low
C0903,36134,306,SMB,Poor,6,South,Low
C0904,33534,197,SMB,Poor,0,South,Low
C0905,4288,23,Enterprise,Good,8,East,High
C0906,49923,21,SMB,Excellent,5,East,High
C0907,10261,96,SMB,Poor,1,South,Low
C0908,28832,21,SMB,Good,4,East,Medium
C0909,11414,34,SMB,Fair,3,East,Medium
C0910,24054,310,Enterprise,Poor,6,South,Low
C0911,21608,252,Enterprise,Excellent,7,West,Low
C0912,22069,131,SMB,Fair,0,East,Low
C0913,45759,156,Enterprise,Excellent,4,West,Low
C0914,37645,64,Enterprise,Good,2,East,Low
C0915,36768,247,SMB,Poor,0,East,Low
C0916,23161,182,Individual,Fair,2,South,Low
C0917,13816,230,SMB,Poor,5,East,Low
C0918,39849,128,SMB,Fair,6,North,Low
C0919,39244,318,SMB,Good,7,North,Low
C0920,17007,192,Individual,Good,3,South,Low
C0921,18877,297,SMB,Good,2,West,Low
C0922,27793,316,Enterprise,Good,4,West,Low
C0923,43028,309,SMB,Excellent,8,West,Low
C0924,26429,91,Enterprise,Good,5,North,Low
C0925,46992,220,SMB,Fair,8,West,Low
C0926,16382,159,SMB,Fair,5,West,Low
C0927,23724,46,Individual,Fair,1,South,Medium
C0928,23421,361,SMB,Fair,4,West,Low
C0929,10588,321,Individual,Excellent,8,North,Low
C0930,22674,68,Individual,Good,7,North,Low
C0931,5340,140,Enterprise,Fair,6,North,Low
C0932,43321,211,SMB,Fair,0,South,Low
C0933,10578,252,SMB,Excellent,3,South,Medium
C0934,45262,44,SMB,Poor,6,East,Low
C0935,19362,102,SMB,Fair,6,West,Low
C0936,4532,216,Individual,Fair,5,South,Low
C0937,29821,362,Individual,Excellent,7,North,Low
C0938,13668,341,SMB,Fair,5,North,Low
C0939,14278,314,SMB,Fair,9,South,Low
C0940,22295,359,Individual,Fair,2,South,Low
C0941,402,222,Individual,Fair,3,South,Low
C0942,17122,168,Individual,Poor,2,East,Low
C0943,155,33,Enterprise,Fair,0,North,High
C0944,45881,302,SMB,Good,9,East,Low
C0945,8817,13,Enterprise,Fair,4,East,Medium
C0946,28799,229,SMB,Fair,0,West,Low
C0947,8250,29,Enterprise,Fair,0,North,Medium
C0948,2225,161,SMB,Good,1,North,Low
C0949,44347,59,SMB,Good,3,South,Medium
C0950,48613,186,Enterprise,Poor,5,South,Low
C0951,16848,105,SMB,Fair,7,West,Low
C0952,39677,114,SMB,Poor,2,East,Low
C0953,4721,259,SMB,Fair,0,South,Low
C0954,15134,126,Enterprise,Fair,2,South,Low
C0955,46491,363,SMB,Fair,2,North,Low
C0956,5226,237,Individual,Poor,4,North,Low
C0957,5222,75,Enterprise,Fair,3,South,Low
C0958,18130,344,Enterprise,Fair,3,North,Low
C0959,17402,271,SMB,Good,8,West,Low
C0960,19281,304,Individual,Fair,6,South,Low
C0961,38738,252,SMB,Fair,3,North,Low
C0962,1631,195,SMB,Good,2,West,Low
C0963,41040,255,SMB,Good,5,North,Low
C0964,40541,134,SMB,Good,2,North,Low
C0965,23433,277,Enterprise,Good,5,North,Low
C0966,39750,140,SMB,Good,8,South,Low
C0967,34774,246,Individual,Fair,5,East,Low
C0968,35954,27,SMB,Poor,3,North,Low
C0969,46371,49,Individual,Fair,4,West,Medium
C0970,8252,30,Individual,Good,5,South,Medium
C0971,38618,234,Enterprise,Excellent,2,South,Low
C0972,45640,364,Individual,Fair,7,West,Low
C0973,10367,291,Enterprise,Good,3,North,Low
C0974,25389,17,SMB,Poor,7,East,Low
C0975,1162,109,Enterprise,Fair,9,North,Low
C0976,30026,249,Enterprise,Fair,9,West,Low
C0977,6329,96,SMB,Good,2,South,Medium
C0978,49377,307,SMB,Fair,9,East,Low
C0979,48015,23,SMB,Good,6,South,Medium
C0980,4732,343,SMB,Poor,8,West,Low
C0981,39156,11,Enterprise,Fair,3,North,Medium
C0982,3696,302,Enterprise,Good,7,East,Low
C0983,44343,334,SMB,Good,2,South,Low
C0984,6268,50,SMB,Good,6,South,Medium
C0985,42663,327,Individual,Fair,2,South,Low
C0986,7661,325,SMB,Good,6,North,Low
C0987,8358,120,Individual,Fair,9,East,Low
C0988,16716,23,SMB,Good,9,North,Medium
C0989,26834,240,SMB,Fair,5,North,Low
C0990,6471,93,SMB,Poor,1,North,Low
C0991,26169,139,SMB,Fair,2,West,Low
C0992,14469,240,SMB,Fair,5,West,Low
C0993,13010,335,Individual,Good,3,West,Low
C0994,8043,154,SMB,Excellent,5,East,Medium
C0995,12299,354,Individual,Fair,0,North,Low
C0996,15828,37,Individual,Good,9,North,Medium
C0997,23375,75,Individual,Fair,0,West,Low
C0998,6838,172,Individual,Excellent,2,North,Medium
C0999,16013,238,SMB,Good,7,North,Low
C1000,35340,270,SMB,Excellent,7,South,Low
